{
  "device": "cuda",
  "sample_count": 2000,
  "average_loss": 0.16566521513462068,
  "accuracy": 0.9105,
  "precision": 0.9362380446333688,
  "recall": 0.881,
  "f1_score": 0.9077794951056156,
  "auc": 0.981709,
  "confusion_matrix": {
    "tn": 940,
    "fp": 60,
    "fn": 119,
    "tp": 881
  },
  "classification_report": {
    "cover": {
      "precision": 0.8876298394711992,
      "recall": 0.94,
      "f1-score": 0.9130645944633318,
      "support": 1000.0
    },
    "stego": {
      "precision": 0.9362380446333688,
      "recall": 0.881,
      "f1-score": 0.9077794951056156,
      "support": 1000.0
    },
    "accuracy": 0.9105,
    "macro avg": {
      "precision": 0.9119339420522841,
      "recall": 0.9105,
      "f1-score": 0.9104220447844737,
      "support": 2000.0
    },
    "weighted avg": {
      "precision": 0.9119339420522841,
      "recall": 0.9105,
      "f1-score": 0.9104220447844736,
      "support": 2000.0
    }
  },
  "roc_curve": {
    "fpr": [
      0.0,
      0.0,
      0.0,
      0.0,
      0.0,
      0.0,
      0.0,
      0.0,
      0.0,
      0.0,
      0.0,
      0.0,
      0.0,
      0.0,
      0.0,
      0.0,
      0.0,
      0.0,
      0.0,
      0.0,
      0.0,
      0.0,
      0.0,
      0.0,
      0.0,
      0.0,
      0.0,
      0.0,
      0.0,
      0.0,
      0.0,
      0.0,
      0.0,
      0.0,
      0.0,
      0.0,
      0.0,
      0.0,
      0.0,
      0.0,
      0.0,
      0.0,
      0.0,
      0.0,
      0.0,
      0.0,
      0.0,
      0.0,
      0.0,
      0.0,
      0.0,
      0.0,
      0.0,
      0.001,
      0.001,
      0.002,
      0.002,
      0.003,
      0.003,
      0.004,
      0.004,
      0.005,
      0.005,
      0.006,
      0.006,
      0.007,
      0.007,
      0.008,
      0.008,
      0.009,
      0.009,
      0.01,
      0.01,
      0.011,
      0.011,
      0.012,
      0.012,
      0.013,
      0.013,
      0.014,
      0.014,
      0.015,
      0.015,
      0.016,
      0.016,
      0.017,
      0.017,
      0.02,
      0.02,
      0.021,
      0.021,
      0.022,
      0.022,
      0.023,
      0.023,
      0.024,
      0.024,
      0.027,
      0.027,
      0.029,
      0.029,
      0.03,
      0.03,
      0.031,
      0.031,
      0.033,
      0.033,
      0.034,
      0.034,
      0.035,
      0.035,
      0.036,
      0.036,
      0.037,
      0.037,
      0.04,
      0.04,
      0.041,
      0.041,
      0.043,
      0.043,
      0.044,
      0.044,
      0.046,
      0.046,
      0.053,
      0.053,
      0.054,
      0.054,
      0.055,
      0.055,
      0.057,
      0.057,
      0.059,
      0.059,
      0.06,
      0.06,
      0.061,
      0.061,
      0.062,
      0.062,
      0.063,
      0.063,
      0.065,
      0.065,
      0.066,
      0.066,
      0.068,
      0.068,
      0.071,
      0.071,
      0.073,
      0.073,
      0.075,
      0.075,
      0.076,
      0.076,
      0.077,
      0.077,
      0.078,
      0.078,
      0.08,
      0.08,
      0.082,
      0.082,
      0.086,
      0.086,
      0.087,
      0.087,
      0.09,
      0.09,
      0.091,
      0.091,
      0.092,
      0.092,
      0.094,
      0.094,
      0.099,
      0.099,
      0.101,
      0.101,
      0.106,
      0.106,
      0.108,
      0.108,
      0.111,
      0.111,
      0.112,
      0.112,
      0.113,
      0.113,
      0.115,
      0.115,
      0.116,
      0.116,
      0.118,
      0.118,
      0.12,
      0.12,
      0.122,
      0.122,
      0.123,
      0.123,
      0.126,
      0.126,
      0.128,
      0.128,
      0.132,
      0.132,
      0.134,
      0.134,
      0.135,
      0.135,
      0.138,
      0.138,
      0.145,
      0.145,
      0.146,
      0.146,
      0.148,
      0.148,
      0.149,
      0.149,
      0.15,
      0.15,
      0.153,
      0.153,
      0.155,
      0.155,
      0.156,
      0.156,
      0.157,
      0.157,
      0.159,
      0.159,
      0.163,
      0.163,
      0.164,
      0.164,
      0.168,
      0.168,
      0.169,
      0.169,
      0.17,
      0.17,
      0.177,
      0.177,
      0.186,
      0.186,
      0.187,
      0.187,
      0.189,
      0.189,
      0.191,
      0.191,
      0.193,
      0.193,
      0.194,
      0.194,
      0.198,
      0.198,
      0.201,
      0.201,
      0.206,
      0.206,
      0.209,
      0.209,
      0.218,
      0.218,
      0.221,
      0.221,
      0.226,
      0.226,
      0.239,
      0.239,
      0.241,
      0.241,
      0.242,
      0.242,
      0.249,
      0.249,
      0.265,
      0.265,
      1.0
    ],