{
  "device": "cuda",
  "sample_count": 2000,
  "average_loss": 0.22296310609579087,
  "accuracy": 0.893,
  "precision": 0.904320987654321,
  "recall": 0.879,
  "f1_score": 0.8914807302231237,
  "auc": 0.9710449999999998,
  "confusion_matrix": {
    "tn": 907,
    "fp": 93,
    "fn": 121,
    "tp": 879
  },
  "classification_report": {
    "cover": {
      "precision": 0.882295719844358,
      "recall": 0.907,
      "f1-score": 0.8944773175542406,
      "support": 1000.0
    },
    "stego": {
      "precision": 0.904320987654321,
      "recall": 0.879,
      "f1-score": 0.8914807302231237,
      "support": 1000.0
    },
    "accuracy": 0.893,
    "macro avg": {
      "precision": 0.8933083537493395,
      "recall": 0.893,
      "f1-score": 0.8929790238886821,
      "support": 2000.0
    },
    "weighted avg": {
      "precision": 0.8933083537493394,
      "recall": 0.893,
      "f1-score": 0.8929790238886821,
      "support": 2000.0
    }
  },
  "roc_curve": {
    "fpr": [
      0.0,
      0.0,
      0.0,
      0.0,
      0.0,
      0.0,
      0.0,
      0.0,
      0.0,
      0.0,
      0.0,
      0.0,
      0.0,
      0.0,
      0.0,
      0.0,
      0.0,
      0.0,
      0.0,
      0.0,
      0.0,
      0.0,
      0.0,
      0.0,
      0.0,
      0.0,
      0.0,
      0.0,
      0.0,
      0.0,
      0.0,
      0.0,
      0.0,
      0.0,
      0.0,
      0.0,
      0.0,
      0.0,
      0.0,
      0.0,
      0.0,
      0.0,
      0.0,
      0.0,
      0.0,
      0.0,
      0.0,
      0.0,
      0.0,
      0.0,
      0.0,
      0.0,
      0.0,
      0.0,
      0.001,
      0.001,
      0.002,
      0.002,
      0.003,
      0.003,
      0.004,
      0.004,
      0.005,
      0.005,
      0.006,
      0.006,
      0.008,
      0.008,
      0.009,
      0.009,
      0.01,
      0.01,
      0.011,
      0.011,
      0.012,
      0.012,
      0.013,
      0.013,
      0.014,
      0.014,
      0.015,
      0.015,
      0.016,
      0.016,
      0.017,
      0.017,
      0.018,
      0.018,
      0.019,
      0.019,
      0.02,
      0.02,
      0.022,
      0.022,
      0.023,
      0.023,
      0.025,
      0.025,
      0.027,
      0.027,
      0.029,
      0.029,
      0.031,
      0.031,
      0.032,
      0.032,
      0.033,
      0.033,
      0.038,
      0.038,
      0.039,
      0.039,
      0.04,
      0.04,
      0.042,
      0.042,
      0.043,
      0.043,
      0.044,
      0.044,
      0.046,
      0.046,
      0.051,
      0.051,
      0.052,
      0.052,
      0.053,
      0.053,
      0.056,
      0.056,
      0.058,
      0.058,
      0.059,
      0.059,
      0.06,
      0.06,
      0.062,
      0.062,
      0.064,
      0.064,
      0.066,
      0.066,
      0.067,
      0.067,
      0.071,
      0.071,
      0.072,
      0.072,
      0.073,
      0.073,
      0.079,
      0.079,
      0.081,
      0.081,
      0.082,
      0.082,
      0.087,
      0.087,
      0.09,
      0.09,
      0.092,
      0.092,
      0.093,
      0.093,
      0.094,
      0.094,
      0.097,
      0.097,
      0.099,
      0.099,
      0.102,
      0.102,
      0.103,
      0.103,
      0.104,
      0.104,
      0.105,
      0.105,
      0.107,
      0.107,
      0.108,
      0.108,
      0.113,
      0.113,
      0.114,
      0.114,
      0.115,
      0.115,
      0.117,
      0.117,
      0.12,
      0.12,
      0.121,
      0.121,
      0.122,
      0.122,
      0.124,
      0.124,
      0.13,
      0.13,
      0.131,
      0.131,
      0.132,
      0.132,
      0.134,
      0.134,
      0.136,
      0.136,
      0.137,
      0.137,
      0.14,
      0.14,
      0.141,
      0.141,
      0.142,
      0.142,
      0.143,
      0.143,
      0.144,
      0.144,
      0.148,
      0.148,
      0.149,
      0.149,
      0.151,
      0.151,
      0.152,
      0.152,
      0.153,
      0.153,
      0.154,
      0.154,
      0.155,
      0.155,
      0.156,
      0.156,
      0.158,
      0.158,
      0.159,
      0.159,
      0.162,
      0.162,
      0.163,
      0.163,
      0.17,
      0.17,
      0.171,
      0.171,
      0.172,
      0.172,
      0.175,
      0.175,
      0.181,
      0.181,
      0.185,
      0.185,
      0.189,
      0.189,
      0.193,
      0.193,
      0.195,
      0.195,
      0.197,
      0.197,
      0.201,
      0.201,
      0.205,
      0.205,
      0.207,
      0.207,
      0.208,
      0.208,
      0.211,
      0.211,
      0.215,
      0.215,
      0.218,
      0.218,
      0.221,
      0.221,
      0.228,
      0.228,
      0.231,
      0.231,
      0.233,
      0.233,
      0.234,
      0.234,
      0.242,
      0.242,
      0.247,
      0.247,
      0.249,
      0.249,
      0.252,
      0.252,
      0.253,
      0.253,
      0.254,
      0.254,
      0.265,
      0.265,
      0.273,
      0.273,
      0.278,
      0.278,
      0.305,
      0.305,
      0.308,
      0.308,
      0.31,
      0.31,
      0.314,
      0.314,
      0.317,
      0.317,
      0.325,
      0.325,
      0.356,
      0.356,
      0.371,
      0.371,
      0.423,
      0.423,
      1.0
    ],