{
  "device": "cuda",
  "sample_count": 2000,
  "average_loss": 0.3778952484130859,
  "accuracy": 0.7975,
  "precision": 0.8057553956834532,
  "recall": 0.784,
  "f1_score": 0.794728839330968,
  "auc": 0.9064909999999999,
  "confusion_matrix": {
    "tn": 811,
    "fp": 189,
    "fn": 216,
    "tp": 784
  },
  "classification_report": {
    "cover": {
      "precision": 0.7896786757546251,
      "recall": 0.811,
      "f1-score": 0.8001973359644795,
      "support": 1000.0
    },
    "stego": {
      "precision": 0.8057553956834532,
      "recall": 0.784,
      "f1-score": 0.794728839330968,
      "support": 1000.0
    },
    "accuracy": 0.7975,
    "macro avg": {
      "precision": 0.7977170357190392,
      "recall": 0.7975000000000001,
      "f1-score": 0.7974630876477238,
      "support": 2000.0
    },
    "weighted avg": {
      "precision": 0.7977170357190392,
      "recall": 0.7975,
      "f1-score": 0.7974630876477238,
      "support": 2000.0
    }
  },
  "roc_curve": {
    "fpr": [
      0.0,
      0.0,
      0.0,
      0.0,
      0.0,
      0.0,
      0.0,
      0.0,
      0.0,
      0.0,
      0.0,
      0.0,
      0.0,
      0.0,
      0.0,
      0.0,
      0.0,
      0.0,
      0.0,
      0.0,
      0.0,
      0.0,
      0.0,
      0.0,
      0.0,
      0.0,
      0.0,
      0.0,
      0.0,
      0.0,
      0.0,
      0.0,
      0.0,
      0.0,
      0.0,
      0.0,
      0.0,
      0.001,
      0.001,
      0.002,
      0.002,
      0.003,
      0.003,
      0.004,
      0.004,
      0.005,
      0.005,
      0.006,
      0.006,
      0.008,
      0.008,
      0.009,
      0.009,
      0.01,
      0.01,
      0.011,
      0.011,
      0.012,
      0.012,
      0.013,
      0.013,
      0.014,
      0.014,
      0.015,
      0.015,
      0.016,
      0.016,
      0.017,
      0.017,
      0.019,
      0.019,
      0.021,
      0.021,
      0.022,
      0.022,
      0.023,
      0.023,
      0.024,
      0.024,
      0.025,
      0.025,
      0.026,
      0.026,
      0.027,
      0.027,
      0.028,
      0.028,
      0.029,
      0.029,
      0.03,
      0.03,
      0.031,
      0.031,
      0.032,
      0.032,
      0.033,
      0.033,
      0.034,
      0.034,
      0.035,
      0.035,
      0.037,
      0.037,
      0.039,
      0.039,
      0.04,
      0.04,
      0.041,
      0.041,
      0.042,
      0.042,
      0.044,
      0.044,
      0.045,
      0.045,
      0.046,
      0.046,
      0.047,
      0.047,
      0.048,
      0.048,
      0.049,
      0.049,
      0.052,
      0.052,
      0.053,
      0.053,
      0.054,
      0.054,
      0.055,
      0.055,
      0.056,
      0.056,
      0.057,
      0.057,
      0.058,
      0.058,
      0.059,
      0.059,
      0.06,
      0.06,
      0.062,
      0.062,
      0.063,
      0.063,
      0.065,
      0.065,
      0.067,
      0.067,
      0.069,
      0.069,
      0.07,
      0.07,
      0.073,
      0.073,
      0.077,
      0.077,
      0.078,
      0.078,
      0.079,
      0.079,
      0.084,
      0.084,
      0.085,
      0.085,
      0.088,
      0.088,
      0.09,
      0.09,
      0.092,
      0.092,
      0.093,
      0.093,
      0.094,
      0.094,
      0.095,
      0.095,
      0.098,
      0.098,
      0.1,
      0.1,
      0.101,
      0.101,
      0.103,
      0.103,
      0.104,
      0.104,
      0.105,
      0.105,
      0.107,
      0.107,
      0.108,
      0.108,
      0.111,
      0.111,
      0.112,
      0.112,
      0.113,
      0.113,
      0.118,
      0.118,
      0.122,
      0.122,
      0.123,
      0.123,
      0.124,
      0.124,
      0.126,
      0.126,
      0.127,
      0.127,
      0.128,
      0.128,
      0.129,
      0.129,
      0.13,
      0.13,
      0.131,
      0.131,
      0.132,
      0.132,
      0.134,
      0.134,
      0.136,
      0.136,
      0.138,
      0.138,
      0.14,
      0.14,
      0.143,
      0.143,
      0.144,
      0.144,
      0.145,
      0.145,
      0.15,
      0.15,
      0.151,
      0.151,
      0.152,
      0.152,
      0.154,
      0.154,
      0.155,
      0.155,
      0.157,
      0.157,
      0.158,
      0.158,
      0.161,
      0.161,
      0.162,
      0.162,
      0.163,
      0.163,
      0.17,
      0.17,
      0.172,
      0.172,
      0.174,
      0.174,
      0.175,
      0.175,
      0.176,
      0.176,
      0.179,
      0.179,
      0.181,
      0.181,
      0.184,
      0.184,
      0.186,
      0.186,
      0.187,
      0.187,
      0.188,
      0.188,
      0.192,
      0.192,
      0.194,
      0.194,
      0.195,
      0.195,
      0.197,
      0.197,
      0.198,
      0.198,
      0.2,
      0.2,
      0.201,
      0.201,
      0.202,
      0.202,
      0.203,
      0.203,
      0.204,
      0.204,
      0.207,
      0.207,
      0.208,
      0.208,
      0.209,
      0.209,
      0.211,
      0.211,
      0.215,
      0.215,
      0.217,
      0.217,
      0.218,
      0.218,
      0.222,
      0.222,
      0.223,
      0.223,
      0.225,
      0.225,
      0.226,
      0.226,
      0.227,
      0.227,
      0.228,
      0.228,
      0.23,
      0.23,
      0.233,
      0.233,
      0.238,
      0.238,
      0.24,
      0.24,
      0.241,
      0.241,
      0.242,
      0.242,
      0.246,
      0.246,
      0.25,
      0.25,
      0.251,
      0.251,
      0.252,
      0.252,
      0.254,
      0.254,
      0.255,
      0.255,
      0.259,
      0.259,
      0.261,
      0.261,
      0.262,
      0.262,
      0.263,
      0.263,
      0.265,
      0.265,
      0.266,
      0.266,
      0.267,
      0.267,
      0.277,
      0.277,
      0.28,
      0.28,
      0.281,
      0.281,
      0.282,
      0.282,
      0.284,
      0.284,
      0.287,
      0.287,
      0.288,
      0.288,
      0.289,
      0.289,
      0.293,
      0.293,
      0.294,
      0.294,
      0.298,
      0.298,
      0.301,
      0.301,
      0.302,
      0.302,
      0.303,
      0.303,
      0.304,
      0.304,
      0.305,
      0.305,
      0.306,
      0.306,
      0.31,
      0.31,
      0.323,
      0.323,
      0.327,
      0.327,
      0.329,
      0.329,
      0.33,
      0.33,
      0.331,
      0.331,
      0.333,
      0.333,
      0.334,
      0.334,
      0.338,
      0.338,
      0.346,
      0.346,
      0.347,
      0.347,
      0.349,
      0.349,
      0.35,
      0.35,
      0.354,
      0.354,
      0.355,
      0.355,
      0.356,
      0.356,
      0.358,
      0.358,
      0.359,
      0.359,
      0.363,
      0.363,
      0.368,
      0.368,
      0.369,
      0.369,
      0.372,
      0.372,
      0.374,
      0.374,
      0.375,
      0.375,
      0.376,
      0.376,
      0.378,
      0.378,
      0.38,
      0.38,
      0.381,
      0.381,
      0.383,
      0.383,
      0.384,
      0.384,
      0.389,
      0.389,
      0.391,
      0.391,
      0.392,
      0.392,
      0.395,
      0.395,
      0.401,
      0.401,
      0.402,
      0.402,
      0.415,
      0.415,
      0.418,
      0.418,
      0.424,
      0.424,
      0.428,
      0.428,
      0.43,
      0.43,
      0.434,
      0.434,
      0.44,
      0.44,
      0.442,
      0.442,
      0.443,
      0.443,
      0.444,
      0.444,
      0.449,
      0.449,
      0.451,
      0.451,
      0.455,
      0.455,
      0.467,
      0.467,
      0.468,
      0.468,
      0.481,
      0.481,
      0.49,
      0.49,
      0.494,
      0.494,
      0.498,
      0.498,
      0.502,
      0.502,
      0.503,
      0.503,
      0.507,
      0.507,
      0.515,
      0.515,
      0.516,
      0.516,
      0.519,
      0.519,
      0.522,
      0.522,
      0.531,
      0.531,
      0.544,
      0.544,
      0.545,
      0.545,
      0.557,
      0.557,
      0.571,
      0.571,
      0.745,
      0.745,
      1.0
    ],