{
  "device": "cuda",
  "sample_count": 2000,
  "average_loss": 0.2872373833656311,
  "accuracy": 0.8415,
  "precision": 0.8773480662983425,
  "recall": 0.794,
  "f1_score": 0.8335958005249344,
  "auc": 0.9441929999999998,
  "confusion_matrix": {
    "tn": 889,
    "fp": 111,
    "fn": 206,
    "tp": 794
  },
  "classification_report": {
    "cover": {
      "precision": 0.8118721461187215,
      "recall": 0.889,
      "f1-score": 0.8486873508353222,
      "support": 1000.0
    },
    "stego": {
      "precision": 0.8773480662983425,
      "recall": 0.794,
      "f1-score": 0.8335958005249344,
      "support": 1000.0
    },
    "accuracy": 0.8415,
    "macro avg": {
      "precision": 0.844610106208532,
      "recall": 0.8415,
      "f1-score": 0.8411415756801284,
      "support": 2000.0
    },
    "weighted avg": {
      "precision": 0.8446101062085319,
      "recall": 0.8415,
      "f1-score": 0.8411415756801284,
      "support": 2000.0
    }
  },
  "roc_curve": {
    "fpr": [
      0.0,
      0.0,
      0.0,
      0.0,
      0.0,
      0.0,
      0.0,
      0.0,
      0.0,
      0.0,
      0.0,
      0.0,
      0.0,
      0.0,
      0.0,
      0.0,
      0.0,
      0.0,
      0.0,
      0.0,
      0.0,
      0.0,
      0.0,
      0.0,
      0.0,
      0.0,
      0.0,
      0.0,
      0.0,
      0.0,
      0.0,
      0.0,
      0.0,
      0.0,
      0.0,
      0.0,
      0.0,
      0.0,
      0.0,
      0.0,
      0.001,
      0.001,
      0.002,
      0.002,
      0.003,
      0.003,
      0.004,
      0.004,
      0.005,
      0.005,
      0.006,
      0.006,
      0.007,
      0.007,
      0.008,
      0.008,
      0.009,
      0.009,
      0.01,
      0.01,
      0.011,
      0.011,
      0.013,
      0.013,
      0.014,
      0.014,
      0.015,
      0.015,
      0.016,
      0.016,
      0.017,
      0.017,
      0.018,
      0.018,
      0.02,
      0.02,
      0.022,
      0.022,
      0.025,
      0.025,
      0.026,
      0.026,
      0.027,
      0.027,
      0.028,
      0.028,
      0.03,
      0.03,
      0.032,
      0.032,
      0.033,
      0.033,
      0.035,
      0.035,
      0.037,
      0.037,
      0.038,
      0.038,
      0.039,
      0.039,
      0.04,
      0.04,
      0.041,
      0.041,
      0.042,
      0.042,
      0.044,
      0.044,
      0.045,
      0.045,
      0.046,
      0.046,
      0.047,
      0.047,
      0.048,
      0.048,
      0.05,
      0.05,
      0.051,
      0.051,
      0.052,
      0.052,
      0.053,
      0.053,
      0.054,
      0.054,
      0.055,
      0.055,
      0.056,
      0.056,
      0.058,
      0.058,
      0.06,
      0.06,
      0.061,
      0.061,
      0.064,
      0.064,
      0.069,
      0.069,
      0.07,
      0.07,
      0.073,
      0.073,
      0.074,
      0.074,
      0.075,
      0.075,
      0.076,
      0.076,
      0.077,
      0.077,
      0.078,
      0.078,
      0.079,
      0.079,
      0.08,
      0.08,
      0.081,
      0.081,
      0.082,
      0.082,
      0.083,
      0.083,
      0.087,
      0.087,
      0.089,
      0.089,
      0.09,
      0.09,
      0.093,
      0.093,
      0.094,
      0.094,
      0.096,
      0.096,
      0.098,
      0.098,
      0.099,
      0.099,
      0.101,
      0.101,
      0.104,
      0.104,
      0.105,
      0.105,
      0.108,
      0.108,
      0.111,
      0.111,
      0.113,
      0.113,
      0.118,
      0.118,
      0.119,
      0.119,
      0.12,
      0.12,
      0.121,
      0.121,
      0.124,
      0.124,
      0.125,
      0.125,
      0.126,
      0.126,
      0.127,
      0.127,
      0.13,
      0.13,
      0.131,
      0.131,
      0.135,
      0.135,
      0.137,
      0.137,
      0.138,
      0.138,
      0.139,
      0.139,
      0.14,
      0.14,
      0.142,
      0.142,
      0.143,
      0.143,
      0.145,
      0.145,
      0.146,
      0.146,
      0.148,
      0.148,
      0.151,
      0.151,
      0.152,
      0.152,
      0.154,
      0.154,
      0.155,
      0.155,
      0.156,
      0.156,
      0.157,
      0.157,
      0.158,
      0.158,
      0.16,
      0.16,
      0.162,
      0.162,
      0.163,
      0.163,
      0.165,
      0.165,
      0.166,
      0.166,
      0.171,
      0.171,
      0.172,
      0.172,
      0.173,
      0.173,
      0.175,
      0.175,
      0.179,
      0.179,
      0.182,
      0.182,
      0.183,
      0.183,
      0.185,
      0.185,
      0.187,
      0.187,
      0.188,
      0.188,
      0.195,
      0.195,
      0.196,
      0.196,
      0.197,
      0.197,
      0.198,
      0.198,
      0.199,
      0.199,
      0.203,
      0.203,
      0.204,
      0.204,
      0.205,
      0.205,
      0.206,
      0.206,
      0.207,
      0.207,
      0.208,
      0.208,
      0.21,
      0.21,
      0.213,
      0.213,
      0.214,
      0.214,
      0.215,
      0.215,
      0.217,
      0.217,
      0.221,
      0.221,
      0.222,
      0.222,
      0.224,
      0.224,
      0.225,
      0.225,
      0.227,
      0.227,
      0.228,
      0.228,
      0.229,
      0.229,
      0.23,
      0.23,
      0.231,
      0.231,
      0.232,
      0.232,
      0.233,
      0.233,
      0.234,
      0.234,
      0.235,
      0.235,
      0.237,
      0.237,
      0.239,
      0.239,
      0.24,
      0.24,
      0.243,
      0.243,
      0.245,
      0.245,
      0.248,
      0.248,
      0.249,
      0.249,
      0.257,
      0.257,
      0.259,
      0.259,
      0.261,
      0.261,
      0.262,
      0.262,
      0.263,
      0.263,
      0.264,
      0.264,
      0.267,
      0.267,
      0.271,
      0.271,
      0.273,
      0.273,
      0.278,
      0.278,
      0.279,
      0.279,
      0.28,
      0.28,
      0.282,
      0.282,
      0.286,
      0.286,
      0.288,
      0.288,
      0.29,
      0.29,
      0.293,
      0.293,
      0.294,
      0.294,
      0.3,
      0.3,
      0.302,
      0.302,
      0.306,
      0.306,
      0.307,
      0.307,
      0.311,
      0.311,
      0.316,
      0.316,
      0.317,
      0.317,
      0.319,
      0.319,
      0.32,
      0.32,
      0.321,
      0.321,
      0.322,
      0.322,
      0.324,
      0.324,
      0.326,
      0.326,
      0.34,
      0.34,
      0.341,
      0.341,
      0.351,
      0.351,
      0.354,
      0.354,
      0.355,
      0.355,
      0.356,
      0.356,
      0.357,
      0.357,
      0.358,
      0.358,
      0.359,
      0.359,
      0.365,
      0.365,
      0.369,
      0.369,
      0.374,
      0.374,
      0.389,
      0.389,
      0.391,
      0.391,
      0.394,
      0.394,
      0.405,
      0.405,
      0.413,
      0.413,
      0.423,
      0.423,
      0.433,
      0.433,
      0.444,
      0.444,
      0.445,
      0.445,
      0.45,
      0.45,
      0.474,
      0.474,
      1.0
    ],